question_id,db_id,p_t,r_t,f1_t,p_c,r_c,f1_c
1,SBODemoUS-Reports,0.0,0.0,0.0,0.0,0.0,0.0
2,NTSB,0.0,0.0,0.0,0.0,0.0,0.0
3,NTSB,0.0,0.0,0.0,0.0,0.0,0.0
4,ASIS_20161108_HerpInv_Database,0.0,0.0,0.0,0.0,0.0,0.0
5,NTSB,0.0,0.0,0.0,1.0,1.0,1.0
6,NorthernPlainsFireManagement,0.0,0.0,0.0,0.0,0.0,0.0
7,PacificIslandLandbirds,0.0,0.0,0.0,0.0,0.0,0.0
8,CratersWildlifeObservations,0.0,0.0,0.0,0.0,0.0,0.0
9,NorthernPlainsFireManagement,1.0,1.0,1.0,0.5,1.0,0.6666666666666666
10,NYSED_SRC2022,1.0,1.0,1.0,0.18181818181818182,0.6666666666666666,0.28571428571428575
11,CratersWildlifeObservations,0.0,0.0,0.0,0.0,0.0,0.0
12,SBODemoUS-General,0.0,0.0,0.0,0.0,0.0,0.0
13,NTSB,0.0,0.0,0.0,0.0,0.0,0.0
14,NorthernPlainsFireManagement,0.0,0.0,0.0,0.0,0.0,0.0
15,KlamathInvasiveSpecies,0.0,0.0,0.0,0.0,0.0,0.0
16,NYSED_SRC2022,0.0,0.0,0.0,0.0,0.0,0.0
17,ASIS_20161108_HerpInv_Database,0.0,0.0,0.0,0.0,0.0,0.0
18,NTSB,0.0,0.0,0.0,0.0,0.0,0.0
19,KlamathInvasiveSpecies,0.0,0.0,0.0,0.0,0.0,0.0
20,KlamathInvasiveSpecies,0.0,0.0,0.0,0.0,0.0,0.0
21,PacificIslandLandbirds,0.0,0.0,0.0,0.0,0.0,0.0
22,SBODemoUS-Finance,0.0,0.0,0.0,0.0,0.0,0.0
23,CratersWildlifeObservations,0.0,0.0,0.0,0.0,0.0,0.0
24,CratersWildlifeObservations,0.0,0.0,0.0,0.0,0.0,0.0
25,NYSED_SRC2022,0.0,0.0,0.0,0.0,0.0,0.0
26,NTSB,0.0,0.0,0.0,0.0,0.0,0.0
27,SBODemoUS-Service,0.0,0.0,0.0,0.0,0.0,0.0
28,PacificIslandLandbirds,0.0,0.0,0.0,0.0,0.0,0.0
29,NTSB,0.0,0.0,0.0,0.0,0.0,0.0
30,ASIS_20161108_HerpInv_Database,0.0,0.0,0.0,0.0,0.0,0.0
31,SBODemoUS-General,0.0,0.0,0.0,0.0,0.0,0.0
32,SBODemoUS-Human Resources,0.0,0.0,0.0,0.0,0.0,0.0
33,NTSB,0.0,0.0,0.0,0.0,0.0,0.0
34,NTSB,1.0,1.0,1.0,0.0,0.0,0.0
35,NTSB,0.0,0.0,0.0,0.0,0.0,0.0
36,NorthernPlainsFireManagement,0.0,0.0,0.0,0.0,0.0,0.0
37,NorthernPlainsFireManagement,0.0,0.0,0.0,0.0,0.0,0.0
38,SBODemoUS-Human Resources,0.0,0.0,0.0,0.0,0.0,0.0
39,ATBI,0.0,0.0,0.0,0.0,0.0,0.0
40,NTSB,0.0,0.0,0.0,0.0,0.0,0.0
41,SBODemoUS-Banking,0.0,0.0,0.0,0.0,0.0,0.0
42,SBODemoUS-Sales Opportunities,0.0,0.0,0.0,0.0,0.0,0.0
43,ASIS_20161108_HerpInv_Database,0.0,0.0,0.0,0.0,0.0,0.0
44,NTSB,0.0,0.0,0.0,0.0,0.0,0.0
45,NorthernPlainsFireManagement,0.0,0.0,0.0,0.0,0.0,0.0
46,NorthernPlainsFireManagement,0.0,0.0,0.0,0.0,0.0,0.0
47,NYSED_SRC2022,0.5,1.0,0.6666666666666666,0.0,0.0,0.0
48,ASIS_20161108_HerpInv_Database,0.0,0.0,0.0,0.0,0.0,0.0
49,SBODemoUS-Reports,0.0,0.0,0.0,0.0,0.0,0.0
50,CratersWildlifeObservations,0.0,0.0,0.0,0.0,0.0,0.0
51,NYSED_SRC2022,0.0,0.0,0.0,0.0,0.0,0.0
52,KlamathInvasiveSpecies,0.0,0.0,0.0,0.0,0.0,0.0
53,ASIS_20161108_HerpInv_Database,0.0,0.0,0.0,0.0,0.0,0.0
54,NorthernPlainsFireManagement,0.0,0.0,0.0,0.0,0.0,0.0
55,NTSB,0.0,0.0,0.0,0.0,0.0,0.0
56,NYSED_SRC2022,0.0,0.0,0.0,0.0,0.0,0.0
57,SBODemoUS-Business Partners,0.0,0.0,0.0,0.0,0.0,0.0
58,ATBI,0.0,0.0,0.0,0.0,0.0,0.0
59,NTSB,0.0,0.0,0.0,0.0,0.0,0.0
60,PacificIslandLandbirds,0.0,0.0,0.0,0.0,0.0,0.0
61,ASIS_20161108_HerpInv_Database,0.0,0.0,0.0,0.0,0.0,0.0
62,SBODemoUS-Service,0.0,0.0,0.0,0.0,0.0,0.0
63,PacificIslandLandbirds,0.0,0.0,0.0,0.0,0.0,0.0
64,NYSED_SRC2022,0.0,0.0,0.0,0.0,0.0,0.0
65,NTSB,0.0,0.0,0.0,0.0,0.0,0.0
66,ASIS_20161108_HerpInv_Database,0.0,0.0,0.0,0.0,0.0,0.0
67,NTSB,0.0,0.0,0.0,0.0,0.0,0.0
68,NYSED_SRC2022,0.0,0.0,0.0,0.0,0.0,0.0
69,ATBI,0.0,0.0,0.0,0.0,0.0,0.0
70,CratersWildlifeObservations,0.0,0.0,0.0,0.0,0.0,0.0
71,ATBI,0.0,0.0,0.0,0.0,0.0,0.0
72,NTSB,0.0,0.0,0.0,0.0,0.0,0.0
73,KlamathInvasiveSpecies,0.0,0.0,0.0,0.0,0.0,0.0
74,NYSED_SRC2022,0.0,0.0,0.0,0.0,0.0,0.0
75,NYSED_SRC2022,0.3333333333333333,1.0,0.5,0.0,0.0,0.0
76,ATBI,0.0,0.0,0.0,0.0,0.0,0.0
77,PacificIslandLandbirds,0.0,0.0,0.0,0.0,0.0,0.0
78,NTSB,0.5,1.0,0.6666666666666666,0.0,0.0,0.0
79,NYSED_SRC2022,0.0,0.0,0.0,0.0,0.0,0.0
80,KlamathInvasiveSpecies,0.0,0.0,0.0,0.0,0.0,0.0
81,SBODemoUS-Finance,0.0,0.0,0.0,0.0,0.0,0.0
82,SBODemoUS-Human Resources,1.0,1.0,1.0,0.0,0.0,0.0
83,NTSB,0.0,0.0,0.0,0.0,0.0,0.0
84,NYSED_SRC2022,0.0,0.0,0.0,0.0,0.0,0.0
85,SBODemoUS-Inventory and Production,0.0,0.0,0.0,0.0,0.0,0.0
86,KlamathInvasiveSpecies,0.0,0.0,0.0,0.0,0.0,0.0
87,SBODemoUS-Inventory and Production,0.0,0.0,0.0,0.0,0.0,0.0
88,ATBI,0.0,0.0,0.0,0.0,0.0,0.0
89,SBODemoUS-Business Partners,0.0,0.0,0.0,0.0,0.0,0.0
90,KlamathInvasiveSpecies,0.0,0.0,0.0,0.0,0.0,0.0
91,CratersWildlifeObservations,0.0,0.0,0.0,0.0,0.0,0.0
92,ATBI,0.0,0.0,0.0,1.0,1.0,1.0
93,NTSB,0.0,0.0,0.0,1.0,1.0,1.0
94,ATBI,0.0,0.0,0.0,0.0,0.0,0.0
95,SBODemoUS-Banking,0.0,0.0,0.0,0.0,0.0,0.0
96,CratersWildlifeObservations,0.0,0.0,0.0,0.0,0.0,0.0
97,PacificIslandLandbirds,1.0,1.0,1.0,0.16666666666666666,1.0,0.2857142857142857
98,SBODemoUS-Human Resources,0.0,0.0,0.0,0.0,0.0,0.0
99,SBODemoUS-Sales Opportunities,0.0,0.0,0.0,0.0,0.0,0.0
100,PacificIslandLandbirds,0.0,0.0,0.0,0.0,0.0,0.0
101,NYSED_SRC2022,0.0,0.0,0.0,0.0,0.0,0.0
